run_id,eta3,n,i,j,trial_id,num_contexts,kappa_ctx_R_trial,kappa_ctx_circ_var_trial,kappa_ctx_circ_mean_trial,amp_min_mean_ctx_trial,amp_min_q10_ctx_trial,shots_per_setting
20260111_161256,0.2,2,0,1,0,1,1,0,0.941514058,0.981798463,0.981798463,2048
20260111_161256,0.2,2,0,1,1,1,1,0,1.042716879,0.981460374,0.981460374,2048
20260111_161256,0.2,2,0,1,2,1,1,1.11E-16,1.031362157,0.994999782,0.994999782,2048
20260111_161256,0.2,2,0,1,3,1,1,1.11E-16,0.985669456,0.997261589,0.997261589,2048
20260111_161256,0.2,2,0,1,4,1,1,-2.22E-16,0.987603571,1.005584857,1.005584857,2048
20260111_161256,0.2,2,0,1,5,1,1,0,1.026336375,0.984299914,0.984299914,2048
20260111_161256,0.2,2,0,1,6,1,1,0,0.969830744,0.985026795,0.985026795,2048
20260111_161256,0.2,2,0,1,7,1,1,1.11E-16,1.043837254,1.006477832,1.006477832,2048
20260111_161256,0.2,2,0,1,8,1,1,1.11E-16,0.975956003,0.982316059,0.982316059,2048
20260111_161256,0.2,2,0,1,9,1,1,0,1.016023745,0.99609375,0.99609375,2048
20260111_161256,0.2,2,0,1,10,1,1,0,0.97798804,0.983088546,0.983088546,2048
20260111_161256,0.2,2,0,1,11,1,1,0,0.984476747,0.981899479,0.981899479,2048
20260111_161256,0.2,2,0,1,12,1,1,0,0.949501132,0.999334591,0.999334591,2048
20260111_161256,0.2,2,0,1,13,1,1,1.11E-16,1.025117,0.989622149,0.989622149,2048
20260111_161256,0.2,2,0,1,14,1,1,0,0.961732006,0.978477127,0.978477127,2048
20260111_161256,0.2,2,0,1,15,1,1,1.11E-16,1.014880801,0.991965442,0.991965442,2048
20260111_161256,0.2,2,0,1,16,1,1,0,0.998231047,1.006934441,1.006934441,2048
20260111_161256,0.2,2,0,1,17,1,1,1.11E-16,0.992862757,0.996829251,0.996829251,2048
20260111_161256,0.2,2,0,1,18,1,1,1.11E-16,1.032980855,0.987922694,0.987922694,2048
20260111_161256,0.2,2,0,1,19,1,1,0,0.99418755,1.002370409,1.002370409,2048
20260111_161244,0.2,3,0,1,0,2,0.999292867,0.000707133,0.983064439,0.990019889,0.982251742,2048
20260111_161244,0.2,3,0,1,1,2,0.995382855,0.004617145,1.022403153,0.986302066,0.981125567,2048
20260111_161244,0.2,3,0,1,2,2,0.996308077,0.003691923,1.015881513,0.989337526,0.982937074,2048
20260111_161244,0.2,3,0,1,3,2,0.998295728,0.001704272,1.000999495,0.997450386,0.996839813,2048
20260111_161244,0.2,3,0,1,4,2,0.998642674,0.001357326,1.00560747,1.003744506,0.999997816,2048
20260111_161244,0.2,3,0,1,5,2,0.996682973,0.003317027,1.018877161,0.991707944,0.990886888,2048
20260111_161244,0.2,3,0,1,6,2,0.998206935,0.001793065,0.988492416,0.991488668,0.984584622,2048
20260111_161244,0.2,3,0,1,7,2,0.996314058,0.003685942,1.031394004,0.992045753,0.983544023,2048
20260111_161244,0.2,3,0,1,8,2,0.999379072,0.000620928,1.010898678,0.994585489,0.98538095,2048
20260111_161244,0.2,3,0,1,9,2,0.996957397,0.003042603,1.010034776,1.003590168,1.002525684,2048
20260111_161244,0.2,3,0,1,10,2,0.999269416,0.000730584,1.019606961,0.982859319,0.982706981,2048
20260111_161244,0.2,3,0,1,11,2,0.996606033,0.003393967,0.981570183,0.990176602,0.983525765,2048
20260111_161244,0.2,3,0,1,12,2,0.999032545,0.000967455,0.984688082,0.99734518,0.996068253,2048
20260111_161244,0.2,3,0,1,13,2,0.997497969,0.002502031,1.03115741,0.987332494,0.983933843,2048
20260111_161244,0.2,3,0,1,14,2,0.997960033,0.002039967,0.966213692,0.978261434,0.977678464,2048
20260111_161244,0.2,3,0,1,15,2,0.995628625,0.004371375,0.992400099,0.985144003,0.982342062,2048
20260111_161244,0.2,3,0,1,16,2,0.996826085,0.003173915,0.990720126,1.000960992,0.994800264,2048
20260111_161244,0.2,3,0,1,17,2,0.996799164,0.003200836,0.988630888,1.000464811,0.998903418,2048
20260111_161244,0.2,3,0,1,18,2,0.996791232,0.003208768,1.019015146,0.976253933,0.968486635,2048
20260111_161244,0.2,3,0,1,19,2,0.996093135,0.003906865,0.978445687,1.000223432,0.996061764,2048
20260111_161159,0.2,4,0,1,0,4,0.994176443,0.005823557,0.997996963,0.997385183,0.991461035,2048
20260111_161159,0.2,4,0,1,1,4,0.990573715,0.009426285,1.007691673,0.996444083,0.993096819,2048
20260111_161159,0.2,4,0,1,2,4,0.991578994,0.008421006,0.995211846,0.997222642,0.993625492,2048
20260111_161159,0.2,4,0,1,3,4,0.992869235,0.007130765,0.972766592,0.999390435,0.998090313,2048
20260111_161159,0.2,4,0,1,4,4,0.991817526,0.008182474,0.99329569,0.992690434,0.983458954,2048
20260111_161159,0.2,4,0,1,5,4,0.993785663,0.006214337,1.037223027,0.995321102,0.988772903,2048
20260111_161159,0.2,4,0,1,6,4,0.993417717,0.006582283,1.002859348,0.996422327,0.989823582,2048
20260111_161159,0.2,4,0,1,7,4,0.992773819,0.007226181,1.015688854,0.98781876,0.981903212,2048
20260111_161159,0.2,4,0,1,8,4,0.99092339,0.00907661,0.98836334,0.997444398,0.99019096,2048
20260111_161159,0.2,4,0,1,9,4,0.992372681,0.007627319,1.007665201,0.996138567,0.988537011,2048
20260111_161159,0.2,4,0,1,10,4,0.993104204,0.006895796,1.025489665,0.987796777,0.982402121,2048
20260111_161159,0.2,4,0,1,11,4,0.993151234,0.006848766,1.010931037,0.992652246,0.985409024,2048
20260111_161159,0.2,4,0,1,12,4,0.991151137,0.008848863,0.984858751,0.991836739,0.981933098,2048
20260111_161159,0.2,4,0,1,13,4,0.987403066,0.012596934,1.030856708,0.993844999,0.982893757,2048
20260111_161159,0.2,4,0,1,14,4,0.992306694,0.007693306,0.981331175,0.991278808,0.979578937,2048
20260111_161159,0.2,4,0,1,15,4,0.991195001,0.008804999,0.993536023,0.994021551,0.982765763,2048
20260111_161159,0.2,4,0,1,16,4,0.993938793,0.006061207,0.996802643,0.995677921,0.98862878,2048
20260111_161159,0.2,4,0,1,17,4,0.992265373,0.007734627,0.999301241,0.996968107,0.992789036,2048
20260111_161159,0.2,4,0,1,18,4,0.991671803,0.008328197,0.997834494,0.990579663,0.977528219,2048
20260111_161159,0.2,4,0,1,19,4,0.993810582,0.006189418,0.986945495,0.993477073,0.984163374,2048
20260111_161159,0.2,4,2,3,0,4,0.999750052,0.000249948,1.017990796,0.991784412,0.984080377,2048
20260111_161159,0.2,4,2,3,1,4,0.999817493,0.000182507,1.008701661,0.996622333,0.991646951,2048
20260111_161159,0.2,4,2,3,2,4,0.999909482,9.05E-05,1.009170061,0.991455619,0.985513338,2048
20260111_161159,0.2,4,2,3,3,4,0.999586381,0.000413619,0.995574838,0.991484136,0.981801284,2048
20260111_161159,0.2,4,2,3,4,4,0.999894134,0.000105866,0.979727236,0.9964189,0.990971694,2048
20260111_161159,0.2,4,2,3,5,4,0.999958949,4.11E-05,0.979145682,0.991831868,0.982556997,2048
20260111_161159,0.2,4,2,3,6,4,0.999693507,0.000306493,1.019788064,0.989788963,0.979372308,2048
20260111_161159,0.2,4,2,3,7,4,0.999922476,7.75E-05,1.01802539,0.994354915,0.988641707,2048
20260111_161159,0.2,4,2,3,8,4,0.999042197,0.000957803,0.972305398,0.997560207,0.99516392,2048
20260111_161159,0.2,4,2,3,9,4,0.999869503,0.000130497,1.00735091,0.996888158,0.991719205,2048
20260111_161159,0.2,4,2,3,10,4,0.999835717,0.000164283,1.017544076,0.995984398,0.993460486,2048
20260111_161159,0.2,4,2,3,11,4,0.99983326,0.00016674,0.98304602,0.990390935,0.983010759,2048
20260111_161159,0.2,4,2,3,12,4,0.99992316,7.68E-05,0.987984302,0.999710361,0.998567243,2048
20260111_161159,0.2,4,2,3,13,4,0.999894198,0.000105802,0.973213433,0.985599943,0.971012858,2048
20260111_161159,0.2,4,2,3,14,4,0.999840912,0.000159088,0.991253556,0.991654524,0.977294474,2048
20260111_161159,0.2,4,2,3,15,4,0.999603438,0.000396562,0.995426872,0.993031383,0.982439357,2048
20260111_161159,0.2,4,2,3,16,4,0.999687764,0.000312236,1.014688467,0.995583275,0.989249582,2048
20260111_161159,0.2,4,2,3,17,4,0.999901341,9.87E-05,1.020245813,0.998368403,0.994140599,2048
20260111_161159,0.2,4,2,3,18,4,0.999999619,3.81E-07,0.999727685,0.994526751,0.987057078,2048
20260111_161159,0.2,4,2,3,19,4,0.999826216,0.000173784,0.99205681,0.993916656,0.985712625,2048
20260111_161147,0.2,5,0,1,0,8,0.992114993,0.007885007,0.998567429,0.993983422,0.983472412,2048
20260111_161147,0.2,5,0,1,1,8,0.992199958,0.007800042,1.00520348,0.996453576,0.992310815,2048
20260111_161147,0.2,5,0,1,2,8,0.992773625,0.007226375,0.99277319,0.994424647,0.988556192,2048
20260111_161147,0.2,5,0,1,3,8,0.991840627,0.008159373,0.980635859,0.996315972,0.988067235,2048
20260111_161147,0.2,5,0,1,4,8,0.99159004,0.00840996,0.998725999,0.99511038,0.987222198,2048
20260111_161147,0.2,5,0,1,5,8,0.993016547,0.006983453,1.024695635,0.994631736,0.985005361,2048
20260111_161147,0.2,5,0,1,6,8,0.991084995,0.008915005,1.012816716,0.992582809,0.979055938,2048
20260111_161147,0.2,5,0,1,7,8,0.993278597,0.006721403,1.01290931,0.991820936,0.982879805,2048
20260111_161147,0.2,5,0,1,8,8,0.993079545,0.006920455,0.993734614,0.997432501,0.99152172,2048
20260111_161147,0.2,5,0,1,9,8,0.99133073,0.00866927,1.003053848,0.996340519,0.988279189,2048
20260111_161147,0.2,5,0,1,10,8,0.992082706,0.007917294,1.008667146,0.99278052,0.983164258,2048
20260111_161147,0.2,5,0,1,11,8,0.991465664,0.008534336,0.997989646,0.991116388,0.984036655,2048
20260111_161147,0.2,5,0,1,12,8,0.993084017,0.006915983,0.988746118,0.995256474,0.984339555,2048
20260111_161147,0.2,5,0,1,13,8,0.989897112,0.010102888,1.006564032,0.990064511,0.978013709,2048
20260111_161147,0.2,5,0,1,14,8,0.992559169,0.007440831,0.982626437,0.9913939,0.973190965,2048
20260111_161147,0.2,5,0,1,15,8,0.991132656,0.008867344,0.997262549,0.994047948,0.978169831,2048
20260111_161147,0.2,5,0,1,16,8,0.992445302,0.007554698,1.006291341,0.995078692,0.985263826,2048
20260111_161147,0.2,5,0,1,17,8,0.991102021,0.008897979,0.989160374,0.997326015,0.990284888,2048
20260111_161147,0.2,5,0,1,18,8,0.991038005,0.008961995,0.9973045,0.991779238,0.980798445,2048
20260111_161147,0.2,5,0,1,19,8,0.993424792,0.006575208,1.000006452,0.994833745,0.982257717,2048
20260111_161147,0.2,5,2,3,0,8,0.999738787,0.000261213,0.998295085,0.992282164,0.973762988,2048
20260111_161147,0.2,5,2,3,1,8,0.999705366,0.000294634,1.012473787,0.989079035,0.971904413,2048
20260111_161147,0.2,5,2,3,2,8,0.999631391,0.000368609,1.005061965,0.993948208,0.982040019,2048
20260111_161147,0.2,5,2,3,3,8,0.999442649,0.000557351,1.01012556,0.994135001,0.988989514,2048
20260111_161147,0.2,5,2,3,4,8,0.999931342,6.87E-05,1.012125283,0.992642022,0.983454813,2048
20260111_161147,0.2,5,2,3,5,8,0.999383828,0.000616172,1.008812499,0.993711194,0.980697613,2048
20260111_161147,0.2,5,2,3,6,8,0.999691232,0.000308768,1.001138312,0.992183602,0.982697384,2048
20260111_161147,0.2,5,2,3,7,8,0.999612686,0.000387314,0.982790737,0.999021923,0.99777624,2048
20260111_161147,0.2,5,2,3,8,8,0.999492916,0.000507084,0.973766249,0.994622201,0.980650064,2048
20260111_161147,0.2,5,2,3,9,8,0.999830924,0.000169076,0.977583445,0.99204288,0.982362313,2048
20260111_161147,0.2,5,2,3,10,8,0.999638276,0.000361724,1.006343882,0.997039105,0.989508643,2048
20260111_161147,0.2,5,2,3,11,8,0.999869348,0.000130652,0.990338857,0.987779837,0.976056734,2048
20260111_161147,0.2,5,2,3,12,8,0.999759601,0.000240399,0.997025188,0.994716395,0.985100644,2048
20260111_161147,0.2,5,2,3,13,8,0.999520229,0.000479771,0.990163177,0.992227523,0.974261926,2048
20260111_161147,0.2,5,2,3,14,8,0.999695661,0.000304339,1.001089682,0.993814376,0.986093648,2048
20260111_161147,0.2,5,2,3,15,8,0.999297397,0.000702603,0.994893823,0.992507476,0.984389332,2048
20260111_161147,0.2,5,2,3,16,8,0.999432188,0.000567812,0.99953656,0.996138627,0.988495986,2048
20260111_161147,0.2,5,2,3,17,8,0.99967055,0.00032945,1.00712221,0.995429094,0.982750423,2048
20260111_161147,0.2,5,2,3,18,8,0.999361902,0.000638098,1.005682378,0.994302555,0.984036452,2048
20260111_161147,0.2,5,2,3,19,8,0.999770308,0.000229692,0.998862673,0.997058933,0.993828083,2048
20260111_161135,0.2,6,0,1,0,16,0.990708373,0.009291627,0.999352758,0.993350307,0.976876986,2048
20260111_161135,0.2,6,0,1,1,16,0.992361771,0.007638229,0.999026502,0.991905839,0.979270954,2048
20260111_161135,0.2,6,0,1,2,16,0.991855006,0.008144994,0.992692469,0.993641244,0.980264316,2048
20260111_161135,0.2,6,0,1,3,16,0.991097306,0.008902694,0.996434556,0.99553997,0.987470527,2048
20260111_161135,0.2,6,0,1,4,16,0.991912512,0.008087488,1.002418178,0.993978229,0.98176309,2048
20260111_161135,0.2,6,0,1,5,16,0.990691745,0.009308255,1.012787261,0.994161916,0.981794332,2048
20260111_161135,0.2,6,0,1,6,16,0.991814162,0.008185838,1.006252637,0.992688069,0.978465292,2048
20260111_161135,0.2,6,0,1,7,16,0.993696302,0.006303698,1.004543802,0.995405616,0.984765163,2048
20260111_161135,0.2,6,0,1,8,16,0.99157419,0.00842581,0.990703555,0.996436535,0.984350632,2048
20260111_161135,0.2,6,0,1,9,16,0.991752411,0.008247589,0.997299371,0.99429571,0.982538383,2048
20260111_161135,0.2,6,0,1,10,16,0.991995988,0.008004012,0.998319093,0.994381662,0.982783189,2048
20260111_161135,0.2,6,0,1,11,16,0.99222462,0.00777538,1.003139958,0.989710636,0.980649089,2048
20260111_161135,0.2,6,0,1,12,16,0.992783023,0.007216977,0.997523513,0.994520579,0.980606257,2048
20260111_161135,0.2,6,0,1,13,16,0.989841194,0.010158806,0.998674301,0.991382517,0.97580107,2048
20260111_161135,0.2,6,0,1,14,16,0.991569811,0.008430189,0.991169648,0.993100856,0.980067592,2048
20260111_161135,0.2,6,0,1,15,16,0.991476612,0.008523388,0.995968661,0.99291505,0.981029566,2048
20260111_161135,0.2,6,0,1,16,16,0.992311324,0.007688676,1.003975466,0.995019767,0.986530365,2048
20260111_161135,0.2,6,0,1,17,16,0.990469802,0.009530198,0.993890245,0.99660007,0.989227415,2048
20260111_161135,0.2,6,0,1,18,16,0.991507882,0.008492118,0.994546896,0.991812043,0.975073132,2048
20260111_161135,0.2,6,0,1,19,16,0.992856991,0.007143009,1.001871346,0.995845599,0.98750004,2048
20260111_161135,0.2,6,2,3,0,16,0.999800859,0.000199141,0.994721407,0.995882296,0.991488713,2048
20260111_161135,0.2,6,2,3,1,16,0.999600436,0.000399564,0.990182326,0.995768004,0.987506778,2048
20260111_161135,0.2,6,2,3,2,16,0.999659036,0.000340964,0.987230987,0.996517426,0.99037217,2048
20260111_161135,0.2,6,2,3,3,16,0.999454682,0.000545318,1.000778675,0.990897526,0.981182804,2048
20260111_161135,0.2,6,2,3,4,16,0.999775566,0.000224434,0.999807236,0.993664026,0.982431982,2048
20260111_161135,0.2,6,2,3,5,16,0.99977976,0.00022024,0.99408728,0.99885568,0.993866421,2048
20260111_161135,0.2,6,2,3,6,16,0.99974344,0.00025656,0.992806941,0.992128161,0.981626149,2048
20260111_161135,0.2,6,2,3,7,16,0.999729321,0.000270679,0.996512383,0.993231617,0.980460229,2048
20260111_161135,0.2,6,2,3,8,16,0.999686617,0.000313383,0.991432222,0.994885675,0.978439697,2048
20260111_161135,0.2,6,2,3,9,16,0.999699158,0.000300842,1.008666106,0.992287498,0.976884409,2048
20260111_161135,0.2,6,2,3,10,16,0.999430738,0.000569262,0.990732626,0.996029278,0.988881242,2048
20260111_161135,0.2,6,2,3,11,16,0.999739528,0.000260472,0.989013226,0.994581995,0.977078107,2048
20260111_161135,0.2,6,2,3,12,16,0.999851957,0.000148043,1.012855571,0.997483298,0.991834627,2048
20260111_161135,0.2,6,2,3,13,16,0.999675965,0.000324035,1.00485877,0.99495571,0.979321651,2048
20260111_161135,0.2,6,2,3,14,16,0.999634205,0.000365795,1.000554634,0.998686827,0.99698996,2048
20260111_161135,0.2,6,2,3,15,16,0.999674974,0.000325026,1.001503594,0.99360423,0.983593509,2048
20260111_161135,0.2,6,2,3,16,16,0.999752041,0.000247959,0.990356202,0.99519986,0.983291089,2048
20260111_161135,0.2,6,2,3,17,16,0.999681531,0.000318469,0.998359801,0.992849126,0.981087907,2048
20260111_161135,0.2,6,2,3,18,16,0.999706212,0.000293788,1.007739246,0.993478609,0.984119381,2048
20260111_161135,0.2,6,2,3,19,16,0.999760259,0.000239741,0.991443589,0.993023187,0.975788905,2048
20260111_161119,0.2,7,0,1,0,32,0.992194863,0.007805137,0.99771501,0.993731605,0.984020386,2048
20260111_161119,0.2,7,0,1,1,32,0.991458908,0.008541092,0.998231974,0.990752747,0.976331437,2048
20260111_161119,0.2,7,0,1,2,32,0.991134045,0.008865955,1.000728929,0.994901531,0.984468783,2048
20260111_161119,0.2,7,0,1,3,32,0.991606036,0.008393964,1.000864826,0.992355962,0.978399877,2048
20260111_161119,0.2,7,0,1,4,32,0.99221805,0.00778195,1.004081754,0.99224412,0.981097357,2048
20260111_161119,0.2,7,0,1,5,32,0.992727102,0.007272898,0.996930447,0.996845138,0.988921605,2048
20260111_161119,0.2,7,0,1,6,32,0.99147745,0.00852255,1.005684707,0.992376613,0.983173804,2048
20260111_161119,0.2,7,0,1,7,32,0.990437114,0.009562886,1.001853858,0.993133801,0.98370096,2048
20260111_161119,0.2,7,0,1,8,32,0.990886882,0.009113118,0.991401714,0.991070528,0.974017054,2048
20260111_161119,0.2,7,0,1,9,32,0.992635116,0.007364884,1.00544124,0.995457366,0.984945451,2048
20260111_161119,0.2,7,0,1,10,32,0.992075945,0.007924055,1.000487585,0.994114044,0.984072336,2048
20260111_161119,0.2,7,0,1,11,32,0.991338339,0.008661661,0.998962969,0.994519366,0.981885874,2048
20260111_161119,0.2,7,0,1,12,32,0.991430177,0.008569823,1.00181505,0.996151132,0.984576734,2048
20260111_161119,0.2,7,0,1,13,32,0.992202591,0.007797409,1.01063783,0.995841454,0.987691814,2048
20260111_161119,0.2,7,0,1,14,32,0.991789945,0.008210055,0.987507907,0.993515792,0.981969917,2048
20260111_161119,0.2,7,0,1,15,32,0.991844361,0.008155639,1.006627148,0.994496616,0.979884992,2048
20260111_161119,0.2,7,0,1,16,32,0.991463406,0.008536594,1.007303591,0.996369689,0.986108372,2048
20260111_161119,0.2,7,0,1,17,32,0.992175977,0.007824023,1.000040297,0.992979949,0.978744336,2048
20260111_161119,0.2,7,0,1,18,32,0.991154349,0.008845651,1.001449866,0.993634739,0.980774448,2048
20260111_161119,0.2,7,0,1,19,32,0.991491055,0.008508945,0.999170328,0.991989656,0.979333042,2048
20260111_161119,0.2,7,2,3,0,32,0.999647882,0.000352118,1.003579436,0.994613169,0.984463953,2048
20260111_161119,0.2,7,2,3,1,32,0.999521741,0.000478259,0.995403197,0.995512034,0.986147731,2048
20260111_161119,0.2,7,2,3,2,32,0.999696863,0.000303137,0.991817809,0.994785264,0.983222178,2048
20260111_161119,0.2,7,2,3,3,32,0.999714053,0.000285947,0.999703694,0.993297237,0.985477119,2048
20260111_161119,0.2,7,2,3,4,32,0.999422651,0.000577349,0.998416241,0.994686868,0.988271486,2048
20260111_161119,0.2,7,2,3,5,32,0.999661595,0.000338405,1.002321357,0.993501834,0.978740608,2048
20260111_161119,0.2,7,2,3,6,32,0.999577654,0.000422346,0.99846312,0.996140406,0.986927971,2048
20260111_161119,0.2,7,2,3,7,32,0.999748691,0.000251309,0.999348409,0.994583435,0.976714291,2048
20260111_161119,0.2,7,2,3,8,32,0.999728826,0.000271174,1.000567395,0.994612383,0.981644637,2048
20260111_161119,0.2,7,2,3,9,32,0.999594779,0.000405221,0.999287893,0.993380977,0.982725447,2048
20260111_161119,0.2,7,2,3,10,32,0.999465475,0.000534525,1.000129235,0.992797444,0.977017485,2048
20260111_161119,0.2,7,2,3,11,32,0.999473984,0.000526016,1.008668721,0.995378817,0.987219426,2048
20260111_161119,0.2,7,2,3,12,32,0.999546488,0.000453512,0.997185399,0.993780151,0.98073662,2048
20260111_161119,0.2,7,2,3,13,32,0.999593015,0.000406985,1.007873822,0.99243734,0.976690037,2048
20260111_161119,0.2,7,2,3,14,32,0.999652626,0.000347374,0.996521379,0.994993685,0.984133007,2048
20260111_161119,0.2,7,2,3,15,32,0.999641925,0.000358075,0.999229791,0.993551188,0.977626287,2048
20260111_161119,0.2,7,2,3,16,32,0.999659095,0.000340905,1.000523111,0.996185874,0.988356935,2048
20260111_161119,0.2,7,2,3,17,32,0.999596961,0.000403039,0.999421008,0.995542279,0.984476774,2048
20260111_161119,0.2,7,2,3,18,32,0.999546182,0.000453818,0.998823791,0.994596889,0.98377632,2048
20260111_161119,0.2,7,2,3,19,32,0.999725342,0.000274658,0.998374181,0.993309418,0.984991405,2048
20260111_162814,0.1,2,0,1,0,1,1,0,0.941514058,0.981798463,0.981798463,2048
20260111_162814,0.1,2,0,1,1,1,1,0,1.042716879,0.981460374,0.981460374,2048
20260111_162814,0.1,2,0,1,2,1,1,1.11E-16,1.031362157,0.994999782,0.994999782,2048
20260111_162814,0.1,2,0,1,3,1,1,1.11E-16,0.985669456,0.997261589,0.997261589,2048
20260111_162814,0.1,2,0,1,4,1,1,-2.22E-16,0.987603571,1.005584857,1.005584857,2048
20260111_162814,0.1,2,0,1,5,1,1,0,1.026336375,0.984299914,0.984299914,2048
20260111_162814,0.1,2,0,1,6,1,1,0,0.969830744,0.985026795,0.985026795,2048
20260111_162814,0.1,2,0,1,7,1,1,1.11E-16,1.043837254,1.006477832,1.006477832,2048
20260111_162814,0.1,2,0,1,8,1,1,1.11E-16,0.975956003,0.982316059,0.982316059,2048
20260111_162814,0.1,2,0,1,9,1,1,0,1.016023745,0.99609375,0.99609375,2048
20260111_162814,0.1,2,0,1,10,1,1,0,0.97798804,0.983088546,0.983088546,2048
20260111_162814,0.1,2,0,1,11,1,1,0,0.984476747,0.981899479,0.981899479,2048
20260111_162814,0.1,2,0,1,12,1,1,0,0.949501132,0.999334591,0.999334591,2048
20260111_162814,0.1,2,0,1,13,1,1,1.11E-16,1.025117,0.989622149,0.989622149,2048
20260111_162814,0.1,2,0,1,14,1,1,0,0.961732006,0.978477127,0.978477127,2048
20260111_162814,0.1,2,0,1,15,1,1,1.11E-16,1.014880801,0.991965442,0.991965442,2048
20260111_162814,0.1,2,0,1,16,1,1,0,0.998231047,1.006934441,1.006934441,2048
20260111_162814,0.1,2,0,1,17,1,1,1.11E-16,0.992862757,0.996829251,0.996829251,2048
20260111_162814,0.1,2,0,1,18,1,1,1.11E-16,1.032980855,0.987922694,0.987922694,2048
20260111_162814,0.1,2,0,1,19,1,1,0,0.99418755,1.002370409,1.002370409,2048
20260111_162804,0.1,3,0,1,0,2,0.999999631,3.69E-07,0.984521759,0.988579049,0.983155358,2048
20260111_162804,0.1,3,0,1,1,2,0.998370116,0.001629884,1.018785414,0.986347484,0.980555905,2048
20260111_162804,0.1,3,0,1,2,2,0.999018883,0.000981117,1.020572284,0.990639501,0.984766349,2048
20260111_162804,0.1,3,0,1,3,2,0.999795719,0.000204281,1.000519861,0.998116692,0.997644879,2048
20260111_162804,0.1,3,0,1,4,2,0.999850065,0.000149935,1.00433836,1.007701019,1.005343571,2048
20260111_162804,0.1,3,0,1,5,2,0.998931692,0.001068308,1.015551277,0.990070554,0.986391753,2048
20260111_162804,0.1,3,0,1,6,2,0.999685585,0.000314415,0.990852829,0.990615062,0.986460009,2048
20260111_162804,0.1,3,0,1,7,2,0.99889219,0.00110781,1.031663708,0.990783437,0.982856104,2048
20260111_162804,0.1,3,0,1,8,2,0.999992204,7.80E-06,1.014629922,0.997787706,0.987801625,2048
20260111_162804,0.1,3,0,1,9,2,0.999007061,0.000992939,1.009864192,1.000966267,0.999381837,2048
20260111_162804,0.1,3,0,1,10,2,0.999992603,7.40E-06,1.020153117,0.983371905,0.981970544,2048
20260111_162804,0.1,3,0,1,11,2,0.99898609,0.00101391,0.981539072,0.98815284,0.981752243,2048
20260111_162804,0.1,3,0,1,12,2,0.999960588,3.94E-05,0.982480749,0.994469895,0.990772077,2048
20260111_162804,0.1,3,0,1,13,2,0.999357084,0.000642916,1.029993313,0.98818354,0.984603293,2048
20260111_162804,0.1,3,0,1,14,2,0.999673843,0.000326157,0.965503809,0.980256195,0.978692578,2048
20260111_162804,0.1,3,0,1,15,2,0.998660899,0.001339101,0.994435741,0.984438083,0.979511409,2048
20260111_162804,0.1,3,0,1,16,2,0.999012557,0.000987443,0.989204045,1.001236592,0.996846535,2048
20260111_162804,0.1,3,0,1,17,2,0.999259293,0.000740707,0.989134329,0.999966564,0.995271277,2048
20260111_162804,0.1,3,0,1,18,2,0.999169485,0.000830515,1.022539899,0.978926577,0.971113654,2048
20260111_162804,0.1,3,0,1,19,2,0.998511426,0.001488574,0.981419928,1.000122847,0.995926242,2048
20260111_162739,0.1,4,0,1,0,4,0.999421642,0.000578358,1.004537418,0.99563356,0.989714139,2048
20260111_162739,0.1,4,0,1,1,4,0.9968757,0.0031243,1.007876512,0.997357316,0.994095447,2048
20260111_162739,0.1,4,0,1,2,4,0.997694314,0.002305686,0.996344333,0.998110589,0.99470199,2048
20260111_162739,0.1,4,0,1,3,4,0.99844954,0.00155046,0.984916693,0.998539944,0.996528049,2048
20260111_162739,0.1,4,0,1,4,4,0.997415381,0.002584619,1.002317831,0.991722819,0.98239243,2048
20260111_162739,0.1,4,0,1,5,4,0.99853922,0.00146078,1.024916973,0.99800401,0.994751404,2048
20260111_162739,0.1,4,0,1,6,4,0.998551494,0.001448506,1.006040344,0.995273222,0.989612105,2048
20260111_162739,0.1,4,0,1,7,4,0.998316932,0.001683068,1.021155713,0.988833227,0.981636265,2048
20260111_162739,0.1,4,0,1,8,4,0.997266888,0.002733112,0.978798258,0.997265876,0.99102873,2048
20260111_162739,0.1,4,0,1,9,4,0.997925908,0.002074092,1.005656096,0.996940814,0.990881556,2048
20260111_162739,0.1,4,0,1,10,4,0.998211447,0.001788553,1.026930058,0.987645659,0.980936821,2048
20260111_162739,0.1,4,0,1,11,4,0.998811072,0.001188928,1.007624518,0.991870177,0.982686103,2048
20260111_162739,0.1,4,0,1,12,4,0.997117469,0.002882531,0.987418426,0.992156543,0.981891088,2048
20260111_162739,0.1,4,0,1,13,4,0.995288094,0.004711906,1.022356486,0.992390854,0.980853642,2048
20260111_162739,0.1,4,0,1,14,4,0.998070448,0.001929552,0.983056988,0.991267307,0.979236676,2048
20260111_162739,0.1,4,0,1,15,4,0.997566288,0.002433712,1.001562145,0.993752769,0.983458652,2048
20260111_162739,0.1,4,0,1,16,4,0.998873561,0.001126439,0.996587677,0.995405959,0.988586762,2048
20260111_162739,0.1,4,0,1,17,4,0.998138887,0.001861113,0.987314644,0.998909289,0.99741274,2048
20260111_162739,0.1,4,0,1,18,4,0.997443774,0.002556226,1.001516623,0.992819373,0.979783193,2048
20260111_162739,0.1,4,0,1,19,4,0.998394337,0.001605663,0.990931184,0.994608428,0.985249905,2048
20260111_162739,0.1,4,2,3,0,4,0.999852666,0.000147334,1.00534144,0.993032696,0.985805139,2048
20260111_162739,0.1,4,2,3,1,4,0.999856444,0.000143556,1.007483426,0.996381514,0.990196664,2048
20260111_162739,0.1,4,2,3,2,4,0.999896171,0.000103829,1.006595184,0.991283239,0.984183182,2048
20260111_162739,0.1,4,2,3,3,4,0.999714434,0.000285566,0.991301621,0.992481558,0.983934663,2048
20260111_162739,0.1,4,2,3,4,4,0.999982325,1.77E-05,0.984088327,0.997469536,0.993668385,2048
20260111_162739,0.1,4,2,3,5,4,0.999770841,0.000229159,0.997259739,0.994081484,0.985957867,2048
20260111_162739,0.1,4,2,3,6,4,0.999737125,0.000262875,1.01049797,0.990649811,0.981788701,2048
20260111_162739,0.1,4,2,3,7,4,0.999752662,0.000247338,1.015896856,0.993543856,0.986314838,2048
20260111_162739,0.1,4,2,3,8,4,0.999166823,0.000833177,0.963971019,0.999553007,0.998393464,2048
20260111_162739,0.1,4,2,3,9,4,0.9997359,0.0002641,1.02000438,0.998500293,0.995933098,2048
20260111_162739,0.1,4,2,3,10,4,0.999607566,0.000392434,1.010117883,0.997006617,0.993580464,2048
20260111_162739,0.1,4,2,3,11,4,0.999808953,0.000191047,0.984202919,0.991135286,0.982961769,2048
20260111_162739,0.1,4,2,3,12,4,0.99984146,0.00015854,0.992347515,0.99980525,0.999421131,2048
20260111_162739,0.1,4,2,3,13,4,0.999800205,0.000199795,0.982169707,0.986844732,0.974393484,2048
20260111_162739,0.1,4,2,3,14,4,0.999610946,0.000389054,0.984158471,0.991706625,0.978050984,2048
20260111_162739,0.1,4,2,3,15,4,0.99964352,0.00035648,1.007496677,0.992449721,0.979738819,2048
20260111_162739,0.1,4,2,3,16,4,0.999702482,0.000297518,1.018759102,0.995996856,0.989091965,2048
20260111_162739,0.1,4,2,3,17,4,0.999783606,0.000216394,1.013195884,0.998648245,0.994422392,2048
20260111_162739,0.1,4,2,3,18,4,0.999923112,7.69E-05,0.996276699,0.992014567,0.984001414,2048
20260111_162739,0.1,4,2,3,19,4,0.999795346,0.000204654,0.995099831,0.994773782,0.987253752,2048
20260111_162729,0.1,5,0,1,0,8,0.998167617,0.001832383,1.006685043,0.992313728,0.980799974,2048
20260111_162729,0.1,5,0,1,1,8,0.997781811,0.002218189,1.005508874,0.997152677,0.99266868,2048
20260111_162729,0.1,5,0,1,2,8,0.998244651,0.001755349,0.995292814,0.994813922,0.987286975,2048
20260111_162729,0.1,5,0,1,3,8,0.997884011,0.002115989,0.989915943,0.995234749,0.984479103,2048
20260111_162729,0.1,5,0,1,4,8,0.997664187,0.002335813,1.0064485,0.994252626,0.984110739,2048
20260111_162729,0.1,5,0,1,5,8,0.998329345,0.001670655,1.014483282,0.995369494,0.987337799,2048
20260111_162729,0.1,5,0,1,6,8,0.997394366,0.002605634,1.011741069,0.992832525,0.981687968,2048
20260111_162729,0.1,5,0,1,7,8,0.9985534,0.0014466,1.015163564,0.991999786,0.983451708,2048
20260111_162729,0.1,5,0,1,8,8,0.998263073,0.001736927,0.985558803,0.996920156,0.991593716,2048
20260111_162729,0.1,5,0,1,9,8,0.997576623,0.002423377,1.003713776,0.996986204,0.988169239,2048
20260111_162729,0.1,5,0,1,10,8,0.997908494,0.002091506,1.011847206,0.993138319,0.981611496,2048
20260111_162729,0.1,5,0,1,11,8,0.997979304,0.002020696,1.00080652,0.991168121,0.98239773,2048
20260111_162729,0.1,5,0,1,12,8,0.998075684,0.001924316,0.992278141,0.995643199,0.985123375,2048
20260111_162729,0.1,5,0,1,13,8,0.99686443,0.00313557,1.009569145,0.989459896,0.97755862,2048
20260111_162729,0.1,5,0,1,14,8,0.998196236,0.001803764,0.982824202,0.992183872,0.9721055,2048
20260111_162729,0.1,5,0,1,15,8,0.997535113,0.002464887,0.999656572,0.993112073,0.975871299,2048
20260111_162729,0.1,5,0,1,16,8,0.998159457,0.001840543,1.004321646,0.995215143,0.985050104,2048
20260111_162729,0.1,5,0,1,17,8,0.997470987,0.002529013,0.982174828,0.998592725,0.99532585,2048
20260111_162729,0.1,5,0,1,18,8,0.996938547,0.003061453,0.999576841,0.99314789,0.980483825,2048
20260111_162729,0.1,5,0,1,19,8,0.998368252,0.001631748,1.005296093,0.994289073,0.980131214,2048
20260111_162729,0.1,5,2,3,0,8,0.999750203,0.000249797,1.009277417,0.992587796,0.975727928,2048
20260111_162729,0.1,5,2,3,1,8,0.99985231,0.00014769,1.012438084,0.989171631,0.972529432,2048
20260111_162729,0.1,5,2,3,2,8,0.999579624,0.000420376,0.999273646,0.992167728,0.978664334,2048
20260111_162729,0.1,5,2,3,3,8,0.999470676,0.000529324,1.012593167,0.992979138,0.986684314,2048
20260111_162729,0.1,5,2,3,4,8,0.999919983,8.00E-05,1.021411664,0.991457503,0.980231152,2048
20260111_162729,0.1,5,2,3,5,8,0.999383228,0.000616772,1.008583206,0.993145789,0.980150377,2048
20260111_162729,0.1,5,2,3,6,8,0.999710632,0.000289368,1.007118167,0.991391394,0.97883552,2048
20260111_162729,0.1,5,2,3,7,8,0.999630775,0.000369225,0.991266754,0.999122467,0.998191758,2048
20260111_162729,0.1,5,2,3,8,8,0.999531424,0.000468576,0.971782768,0.994357829,0.979504109,2048
20260111_162729,0.1,5,2,3,9,8,0.999751434,0.000248566,0.981756188,0.991131848,0.980759894,2048
20260111_162729,0.1,5,2,3,10,8,0.999604299,0.000395701,1.002314307,0.997152619,0.989196675,2048
20260111_162729,0.1,5,2,3,11,8,0.999890793,0.000109207,0.999175828,0.987883437,0.976929769,2048
20260111_162729,0.1,5,2,3,12,8,0.999831002,0.000168998,0.997315345,0.993884575,0.984387576,2048
20260111_162729,0.1,5,2,3,13,8,0.999565668,0.000434332,0.994152281,0.991924427,0.97669487,2048
20260111_162729,0.1,5,2,3,14,8,0.999647082,0.000352918,0.999607642,0.993871651,0.987580703,2048
20260111_162729,0.1,5,2,3,15,8,0.999284882,0.000715118,0.998289171,0.992291491,0.984317948,2048
20260111_162729,0.1,5,2,3,16,8,0.999656447,0.000343553,1.001549984,0.995022122,0.98748822,2048
20260111_162729,0.1,5,2,3,17,8,0.99974497,0.00025503,1.011921947,0.994230379,0.982125023,2048
20260111_162729,0.1,5,2,3,18,8,0.999587509,0.000412491,1.005026503,0.992691671,0.980465111,2048
20260111_162729,0.1,5,2,3,19,8,0.999789081,0.000210919,0.997277844,0.998159382,0.995326178,2048
20260111_162717,0.1,6,0,1,0,16,0.997468168,0.002531832,1.003251529,0.992845708,0.978148391,2048
20260111_162717,0.1,6,0,1,1,16,0.997925335,0.002074665,0.999573756,0.993187241,0.982233501,2048
20260111_162717,0.1,6,0,1,2,16,0.997701324,0.002298676,0.993580821,0.993968001,0.98182052,2048
20260111_162717,0.1,6,0,1,3,16,0.997569908,0.002430092,0.997979316,0.994394549,0.985792546,2048
20260111_162717,0.1,6,0,1,4,16,0.997755386,0.002244614,1.005629402,0.993894858,0.983251585,2048
20260111_162717,0.1,6,0,1,5,16,0.99712933,0.00287067,1.00666513,0.99420071,0.980863041,2048
20260111_162717,0.1,6,0,1,6,16,0.997684763,0.002315237,1.004907715,0.992864735,0.981308076,2048
20260111_162717,0.1,6,0,1,7,16,0.998578732,0.001421268,1.003757209,0.995713612,0.987163751,2048
20260111_162717,0.1,6,0,1,8,16,0.997561779,0.002438221,0.990073541,0.995813026,0.98390425,2048
20260111_162717,0.1,6,0,1,9,16,0.997693614,0.002306386,1.002331704,0.99489047,0.985017582,2048
20260111_162717,0.1,6,0,1,10,16,0.997680075,0.002319925,0.996432595,0.994459144,0.981274158,2048
20260111_162717,0.1,6,0,1,11,16,0.997985871,0.002014129,1.006088361,0.989733007,0.979258989,2048
20260111_162717,0.1,6,0,1,12,16,0.998159292,0.001840708,0.997998542,0.995189341,0.984043082,2048
20260111_162717,0.1,6,0,1,13,16,0.996663023,0.003336977,0.999889909,0.99049447,0.977292428,2048
20260111_162717,0.1,6,0,1,14,16,0.997494865,0.002505135,0.986536955,0.993321872,0.979376537,2048
20260111_162717,0.1,6,0,1,15,16,0.997681057,0.002318943,0.996670884,0.99263762,0.979078273,2048
20260111_162717,0.1,6,0,1,16,16,0.99812421,0.00187579,1.003085923,0.995139532,0.986046674,2048
20260111_162717,0.1,6,0,1,17,16,0.997103784,0.002896216,0.987781937,0.996766196,0.989718343,2048
20260111_162717,0.1,6,0,1,18,16,0.997620709,0.002379291,0.993850856,0.993946474,0.982200605,2048
20260111_162717,0.1,6,0,1,19,16,0.998105502,0.001894498,1.002168542,0.995875117,0.986048287,2048
20260111_162717,0.1,6,2,3,0,16,0.999766278,0.000233722,0.989049752,0.995619113,0.989693343,2048
20260111_162717,0.1,6,2,3,1,16,0.999546222,0.000453778,0.990770491,0.996617064,0.987406593,2048
20260111_162717,0.1,6,2,3,2,16,0.999614117,0.000385883,0.987775238,0.996868639,0.989848656,2048
20260111_162717,0.1,6,2,3,3,16,0.999590997,0.000409003,0.993988462,0.991788483,0.982695888,2048
20260111_162717,0.1,6,2,3,4,16,0.999644688,0.000355312,0.998571751,0.993441876,0.983879243,2048
20260111_162717,0.1,6,2,3,5,16,0.999775352,0.000224648,0.993648731,0.998503949,0.994997381,2048
20260111_162717,0.1,6,2,3,6,16,0.999678526,0.000321474,0.99736788,0.993595465,0.985642117,2048
20260111_162717,0.1,6,2,3,7,16,0.999836697,0.000163303,0.999543736,0.993203922,0.98241416,2048
20260111_162717,0.1,6,2,3,8,16,0.999684387,0.000315613,0.982366151,0.994454738,0.977213521,2048
20260111_162717,0.1,6,2,3,9,16,0.999801717,0.000198283,1.002897298,0.992603039,0.975224452,2048
20260111_162717,0.1,6,2,3,10,16,0.999425681,0.000574319,0.995933668,0.997036295,0.990755945,2048
20260111_162717,0.1,6,2,3,11,16,0.999841257,0.000158743,0.986772033,0.994661966,0.978018211,2048
20260111_162717,0.1,6,2,3,12,16,0.99983109,0.00016891,1.010756327,0.997327153,0.991508899,2048
20260111_162717,0.1,6,2,3,13,16,0.999689963,0.000310037,1.003136096,0.995111015,0.981191338,2048
20260111_162717,0.1,6,2,3,14,16,0.999719932,0.000280068,0.997719723,0.998796131,0.996827995,2048
20260111_162717,0.1,6,2,3,15,16,0.999693993,0.000306007,1.004455196,0.993518123,0.982279849,2048
20260111_162717,0.1,6,2,3,16,16,0.99982444,0.00017556,0.994748603,0.994644409,0.982024394,2048
20260111_162717,0.1,6,2,3,17,16,0.999688802,0.000311198,0.998936748,0.992776751,0.982041998,2048
20260111_162717,0.1,6,2,3,18,16,0.999799507,0.000200493,1.009747958,0.993249289,0.983701012,2048
20260111_162717,0.1,6,2,3,19,16,0.999810954,0.000189046,0.994343043,0.994197517,0.977786983,2048
20260111_162707,0.1,7,0,1,0,32,0.997883215,0.002116785,0.998528659,0.993042167,0.98220343,2048
20260111_162707,0.1,7,0,1,1,32,0.997823234,0.002176766,0.995024916,0.990462753,0.97528575,2048
20260111_162707,0.1,7,0,1,2,32,0.99764242,0.00235758,0.998560267,0.994884621,0.985694689,2048
20260111_162707,0.1,7,0,1,3,32,0.997735865,0.002264135,0.999862846,0.991872399,0.979322355,2048
20260111_162707,0.1,7,0,1,4,32,0.998053593,0.001946407,1.003319033,0.992601966,0.981907583,2048
20260111_162707,0.1,7,0,1,5,32,0.998108368,0.001891632,0.99832925,0.996716086,0.990284086,2048
20260111_162707,0.1,7,0,1,6,32,0.997522585,0.002477415,1.007097541,0.993093381,0.983194618,2048
20260111_162707,0.1,7,0,1,7,32,0.997604,0.002396,0.995469996,0.992907915,0.983508571,2048
20260111_162707,0.1,7,0,1,8,32,0.997550607,0.002449393,0.988616108,0.99176419,0.974824115,2048
20260111_162707,0.1,7,0,1,9,32,0.998372636,0.001627364,1.002129265,0.995873968,0.984792494,2048
20260111_162707,0.1,7,0,1,10,32,0.998116859,0.001883141,0.997360459,0.99447546,0.984020446,2048
20260111_162707,0.1,7,0,1,11,32,0.997366623,0.002633377,1.000473244,0.994615858,0.982831874,2048
20260111_162707,0.1,7,0,1,12,32,0.997744151,0.002255849,1.001047124,0.996442488,0.983642484,2048
20260111_162707,0.1,7,0,1,13,32,0.997666754,0.002333246,1.01463416,0.995617402,0.98904457,2048
20260111_162707,0.1,7,0,1,14,32,0.997422059,0.002577941,0.989574219,0.992880116,0.977794529,2048
20260111_162707,0.1,7,0,1,15,32,0.997552006,0.002447994,1.007706189,0.995445279,0.986405942,2048
20260111_162707,0.1,7,0,1,16,32,0.997681515,0.002318485,1.004587138,0.996056257,0.984846532,2048
20260111_162707,0.1,7,0,1,17,32,0.998039198,0.001960802,0.999657083,0.993570821,0.980880816,2048
20260111_162707,0.1,7,0,1,18,32,0.997393231,0.002606769,1.001142103,0.992786426,0.98138761,2048
20260111_162707,0.1,7,0,1,19,32,0.997691843,0.002308157,0.996723982,0.992341762,0.981722954,2048
20260111_162707,0.1,7,2,3,0,32,0.999564063,0.000435937,0.997363921,0.994870097,0.983823008,2048
20260111_162707,0.1,7,2,3,1,32,0.999515107,0.000484893,0.996916992,0.995982241,0.987936594,2048
20260111_162707,0.1,7,2,3,2,32,0.999695072,0.000304928,0.992783399,0.994917283,0.983529734,2048
20260111_162707,0.1,7,2,3,3,32,0.999681521,0.000318479,0.997601093,0.993328404,0.983568121,2048
20260111_162707,0.1,7,2,3,4,32,0.999538187,0.000461813,1.000697672,0.994296784,0.984707193,2048
20260111_162707,0.1,7,2,3,5,32,0.999714072,0.000285928,1.009271727,0.993025929,0.978174301,2048
20260111_162707,0.1,7,2,3,6,32,0.999662881,0.000337119,0.997859341,0.996715587,0.990365341,2048
20260111_162707,0.1,7,2,3,7,32,0.999587627,0.000412373,0.99859678,0.994405665,0.978859067,2048
20260111_162707,0.1,7,2,3,8,32,0.999689114,0.000310886,1.000564307,0.994656589,0.981147455,2048
20260111_162707,0.1,7,2,3,9,32,0.999524204,0.000475796,1.001147704,0.993690073,0.982896571,2048
20260111_162707,0.1,7,2,3,10,32,0.999316534,0.000683466,0.998336578,0.992752966,0.9811417,2048
20260111_162707,0.1,7,2,3,11,32,0.999716107,0.000283893,1.006521635,0.99581806,0.985677087,2048
20260111_162707,0.1,7,2,3,12,32,0.999548881,0.000451119,0.997487714,0.993613225,0.979030492,2048
20260111_162707,0.1,7,2,3,13,32,0.999649335,0.000350665,1.007561704,0.992259404,0.977312527,2048
20260111_162707,0.1,7,2,3,14,32,0.999657665,0.000342335,1.000351046,0.99481539,0.983718938,2048
20260111_162707,0.1,7,2,3,15,32,0.99965658,0.00034342,0.996356781,0.993146588,0.978085427,2048
20260111_162707,0.1,7,2,3,16,32,0.999483721,0.000516279,0.997371618,0.997039958,0.98954537,2048
20260111_162707,0.1,7,2,3,17,32,0.999697452,0.000302548,0.995707204,0.995126989,0.985239475,2048
20260111_162707,0.1,7,2,3,18,32,0.999600812,0.000399188,1.002277681,0.994638901,0.985021515,2048
20260111_162707,0.1,7,2,3,19,32,0.999589831,0.000410169,1.001623867,0.993877839,0.98167043,2048
20260111_164046,0,2,0,1,0,1,1,0,0.941514058,0.981798463,0.981798463,2048
20260111_164046,0,2,0,1,1,1,1,0,1.042716879,0.981460374,0.981460374,2048
20260111_164046,0,2,0,1,2,1,1,1.11E-16,1.031362157,0.994999782,0.994999782,2048
20260111_164046,0,2,0,1,3,1,1,1.11E-16,0.985669456,0.997261589,0.997261589,2048
20260111_164046,0,2,0,1,4,1,1,-2.22E-16,0.987603571,1.005584857,1.005584857,2048
20260111_164046,0,2,0,1,5,1,1,0,1.026336375,0.984299914,0.984299914,2048
20260111_164046,0,2,0,1,6,1,1,0,0.969830744,0.985026795,0.985026795,2048
20260111_164046,0,2,0,1,7,1,1,1.11E-16,1.043837254,1.006477832,1.006477832,2048
20260111_164046,0,2,0,1,8,1,1,1.11E-16,0.975956003,0.982316059,0.982316059,2048
20260111_164046,0,2,0,1,9,1,1,0,1.016023745,0.99609375,0.99609375,2048
20260111_164046,0,2,0,1,10,1,1,0,0.97798804,0.983088546,0.983088546,2048
20260111_164046,0,2,0,1,11,1,1,0,0.984476747,0.981899479,0.981899479,2048
20260111_164046,0,2,0,1,12,1,1,0,0.949501132,0.999334591,0.999334591,2048
20260111_164046,0,2,0,1,13,1,1,1.11E-16,1.025117,0.989622149,0.989622149,2048
20260111_164046,0,2,0,1,14,1,1,0,0.961732006,0.978477127,0.978477127,2048
20260111_164046,0,2,0,1,15,1,1,1.11E-16,1.014880801,0.991965442,0.991965442,2048
20260111_164046,0,2,0,1,16,1,1,0,0.998231047,1.006934441,1.006934441,2048
20260111_164046,0,2,0,1,17,1,1,1.11E-16,0.992862757,0.996829251,0.996829251,2048
20260111_164046,0,2,0,1,18,1,1,1.11E-16,1.032980855,0.987922694,0.987922694,2048
20260111_164046,0,2,0,1,19,1,1,0,0.99418755,1.002370409,1.002370409,2048
20260111_164037,0,3,0,1,0,2,0.999076484,0.000923516,0.984494469,0.990429804,0.983524731,2048
20260111_164037,0,3,0,1,1,2,0.999709293,0.000290707,1.018603769,0.986135251,0.982395349,2048
20260111_164037,0,3,0,1,2,2,0.999958079,4.19E-05,1.022205649,0.988407136,0.98313302,2048
20260111_164037,0,3,0,1,3,2,0.999886991,0.000113009,1.000703486,0.996421496,0.99574942,2048
20260111_164037,0,3,0,1,4,2,0.999844741,0.000155259,1.005225306,1.007648323,1.00599755,2048
20260111_164037,0,3,0,1,5,2,0.999944366,5.56E-05,1.01578795,0.989044927,0.985248917,2048
20260111_164037,0,3,0,1,6,2,0.999897355,0.000102645,0.984158838,0.988401892,0.985701814,2048
20260111_164037,0,3,0,1,7,2,0.999970409,2.96E-05,1.036144311,0.995388873,0.986517706,2048
20260111_164037,0,3,0,1,8,2,0.999204415,0.000795585,1.01584811,0.996892255,0.985231298,2048
20260111_164037,0,3,0,1,9,2,0.999972419,2.76E-05,1.008596673,0.999112186,0.996697437,2048
20260111_164037,0,3,0,1,10,2,0.999287852,0.000712148,1.015730135,0.981271137,0.97981721,2048
20260111_164037,0,3,0,1,11,2,0.999981602,1.84E-05,0.978410761,0.987520968,0.983023777,2048
20260111_164037,0,3,0,1,12,2,0.999348412,0.000651588,0.985602627,0.994037533,0.989799887,2048
20260111_164037,0,3,0,1,13,2,0.999994957,5.04E-06,1.028292921,0.985782667,0.982711081,2048
20260111_164037,0,3,0,1,14,2,0.999956826,4.32E-05,0.971024394,0.977106553,0.976010093,2048
20260111_164037,0,3,0,1,15,2,0.999902178,9.78E-05,1.000893428,0.98435698,0.97827021,2048
20260111_164037,0,3,0,1,16,2,0.999978118,2.19E-05,0.991615624,1.000193027,0.994799895,2048
20260111_164037,0,3,0,1,17,2,0.999996185,3.81E-06,0.990100606,1.000856981,0.997634797,2048
20260111_164037,0,3,0,1,18,2,0.999978758,2.12E-05,1.026462942,0.978280477,0.970566703,2048
20260111_164037,0,3,0,1,19,2,0.99982853,0.00017147,0.975668655,0.99778716,0.994120561,2048
20260111_164017,0,4,0,1,0,4,0.999832745,0.000167255,0.994594635,0.995244307,0.987444866,2048
20260111_164017,0,4,0,1,1,4,0.999926478,7.35E-05,0.996554352,0.99770103,0.994629657,2048
20260111_164017,0,4,0,1,2,4,0.999651722,0.000348278,0.990241801,0.997745448,0.994644909,2048
20260111_164017,0,4,0,1,3,4,0.99955747,0.00044253,0.989008604,0.999430516,0.998495487,2048
20260111_164017,0,4,0,1,4,4,0.998840102,0.001159898,0.998752232,0.993444833,0.985249605,2048
20260111_164017,0,4,0,1,5,4,0.999753001,0.000246999,1.014197218,0.995970585,0.988908517,2048
20260111_164017,0,4,0,1,6,4,0.999769391,0.000230609,1.001354583,0.995290811,0.991024908,2048
20260111_164017,0,4,0,1,7,4,0.999753285,0.000246715,1.019052456,0.989587964,0.983852702,2048
20260111_164017,0,4,0,1,8,4,0.99991861,8.14E-05,0.991658146,0.99505829,0.987488026,2048
20260111_164017,0,4,0,1,9,4,0.999945641,5.44E-05,1.000301368,0.996457116,0.990052173,2048
20260111_164017,0,4,0,1,10,4,0.999398952,0.000601048,1.027438037,0.988862274,0.982911843,2048
20260111_164017,0,4,0,1,11,4,0.999709944,0.000290056,0.996175484,0.991360889,0.98096813,2048
20260111_164017,0,4,0,1,12,4,0.999837453,0.000162547,0.990791531,0.991641024,0.981282413,2048
20260111_164017,0,4,0,1,13,4,0.999858677,0.000141323,1.021949437,0.991625494,0.980543141,2048
20260111_164017,0,4,0,1,14,4,0.999821894,0.000178106,0.990063196,0.991315273,0.979056019,2048
20260111_164017,0,4,0,1,15,4,0.999554588,0.000445412,0.991266618,0.99298526,0.981004257,2048
20260111_164017,0,4,0,1,16,4,0.999931303,6.87E-05,0.999797894,0.995477988,0.988881199,2048
20260111_164017,0,4,0,1,17,4,0.999976599,2.34E-05,0.994159768,0.997874586,0.99423048,2048
20260111_164017,0,4,0,1,18,4,0.99960132,0.00039868,0.99162078,0.991530042,0.977262868,2048
20260111_164017,0,4,0,1,19,4,0.999971176,2.88E-05,0.973677554,0.994060382,0.985322199,2048
20260111_164017,0,4,2,3,0,4,0.999377462,0.000622538,1.014849549,0.990542324,0.980960823,2048
20260111_164017,0,4,2,3,1,4,0.999974907,2.51E-05,0.998906553,0.996147377,0.990288183,2048
20260111_164017,0,4,2,3,2,4,0.999594462,0.000405538,0.995657088,0.992190052,0.985950959,2048
20260111_164017,0,4,2,3,3,4,0.999778501,0.000221499,1.001579388,0.992457354,0.984899308,2048
20260111_164017,0,4,2,3,4,4,0.999997229,2.77E-06,1.009259331,0.996542882,0.992981838,2048
20260111_164017,0,4,2,3,5,4,0.999724623,0.000275377,0.981414931,0.993154212,0.985250682,2048
20260111_164017,0,4,2,3,6,4,0.999325012,0.000674988,1.030580863,0.990517296,0.980316823,2048
20260111_164017,0,4,2,3,7,4,0.999779627,0.000220373,1.012348952,0.996026538,0.990942669,2048
20260111_164017,0,4,2,3,8,4,0.999882429,0.000117571,0.993266485,0.99933461,0.99814294,2048
20260111_164017,0,4,2,3,9,4,0.999863316,0.000136684,1.020442981,0.996423091,0.99087183,2048
20260111_164017,0,4,2,3,10,4,0.999749433,0.000250567,0.998134989,0.998581232,0.996340227,2048
20260111_164017,0,4,2,3,11,4,0.999937915,6.21E-05,1.004756543,0.989381917,0.982215093,2048
20260111_164017,0,4,2,3,12,4,0.999904453,9.55E-05,0.986081916,0.999043106,0.998249125,2048
20260111_164017,0,4,2,3,13,4,0.99979674,0.00020326,0.994526085,0.987963243,0.978227,2048
20260111_164017,0,4,2,3,14,4,0.999409075,0.000590925,0.97866619,0.99296888,0.979974078,2048
20260111_164017,0,4,2,3,15,4,0.999802275,0.000197725,0.975993633,0.992564138,0.980281947,2048
20260111_164017,0,4,2,3,16,4,0.999790341,0.000209659,1.010749242,0.996153931,0.989104461,2048
20260111_164017,0,4,2,3,17,4,0.999778548,0.000221452,0.975376584,0.99808789,0.994487299,2048
20260111_164017,0,4,2,3,18,4,0.999538706,0.000461294,1.003589964,0.991335195,0.983969391,2048
20260111_164017,0,4,2,3,19,4,0.999675482,0.000324518,0.994850245,0.995005525,0.98543694,2048
20260111_164008,0,5,0,1,0,8,0.999553841,0.000446159,1.004719786,0.992893315,0.981148826,2048
20260111_164008,0,5,0,1,1,8,0.999950001,5.00E-05,0.997730481,0.996924203,0.991230508,2048
20260111_164008,0,5,0,1,2,8,0.999619428,0.000380572,0.992949367,0.99496775,0.98891735,2048
20260111_164008,0,5,0,1,3,8,0.999648239,0.000351761,0.995294691,0.995943935,0.985768261,2048
20260111_164008,0,5,0,1,4,8,0.999404874,0.000595126,1.004008823,0.994993857,0.986320159,2048
20260111_164008,0,5,0,1,5,8,0.999604515,0.000395485,0.997806308,0.994562399,0.984076108,2048
20260111_164008,0,5,0,1,6,8,0.99944048,0.00055952,1.015964474,0.992904053,0.98145009,2048
20260111_164008,0,5,0,1,7,8,0.99976084,0.00023916,1.01570066,0.992807251,0.985964343,2048
20260111_164008,0,5,0,1,8,8,0.999900196,9.98E-05,0.992462301,0.99719645,0.993514147,2048
20260111_164008,0,5,0,1,9,8,0.999853773,0.000146227,1.01037176,0.996440103,0.987330201,2048
20260111_164008,0,5,0,1,10,8,0.999466907,0.000533093,1.012783944,0.993721753,0.983267473,2048
20260111_164008,0,5,0,1,11,8,0.999814727,0.000185273,1.000466502,0.990371403,0.979186892,2048
20260111_164008,0,5,0,1,12,8,0.999868181,0.000131819,0.988436645,0.995342065,0.985212541,2048
20260111_164008,0,5,0,1,13,8,0.999733721,0.000266279,1.008238186,0.989794369,0.976644429,2048
20260111_164008,0,5,0,1,14,8,0.999599255,0.000400745,0.98436587,0.992142076,0.972039563,2048
20260111_164008,0,5,0,1,15,8,0.999649283,0.000350717,0.983629179,0.992774699,0.97355095,2048
20260111_164008,0,5,0,1,16,8,0.999845832,0.000154168,1.005273182,0.995815959,0.98501157,2048
20260111_164008,0,5,0,1,17,8,0.999833478,0.000166522,0.984769106,0.997981238,0.992191585,2048
20260111_164008,0,5,0,1,18,8,0.999552113,0.000447887,0.997605184,0.991432618,0.979028617,2048
20260111_164008,0,5,0,1,19,8,0.999767304,0.000232696,0.984262334,0.994532954,0.980782153,2048
20260111_164008,0,5,2,3,0,8,0.999847709,0.000152291,1.003240136,0.993314678,0.975491839,2048
20260111_164008,0,5,2,3,1,8,0.999793855,0.000206145,1.016177005,0.989410545,0.973438319,2048
20260111_164008,0,5,2,3,2,8,0.999559529,0.000440471,0.998185451,0.992537356,0.980527974,2048
20260111_164008,0,5,2,3,3,8,0.999753703,0.000246297,1.001108847,0.993291409,0.985647283,2048
20260111_164008,0,5,2,3,4,8,0.999924025,7.60E-05,1.016801298,0.992617951,0.981113938,2048
20260111_164008,0,5,2,3,5,8,0.999744338,0.000255662,0.99298201,0.991957035,0.977639818,2048
20260111_164008,0,5,2,3,6,8,0.999903129,9.69E-05,1.005738575,0.993670723,0.982017158,2048
20260111_164008,0,5,2,3,7,8,0.999604933,0.000395067,0.99123349,0.999797308,0.998903447,2048
20260111_164008,0,5,2,3,8,8,0.999415897,0.000584103,0.985151974,0.994684781,0.980260857,2048
20260111_164008,0,5,2,3,9,8,0.999566517,0.000433483,0.987171886,0.993147512,0.985419471,2048
20260111_164008,0,5,2,3,10,8,0.999765719,0.000234281,0.986913632,0.995975528,0.985964555,2048
20260111_164008,0,5,2,3,11,8,0.999779956,0.000220044,1.009575061,0.989173448,0.975544616,2048
20260111_164008,0,5,2,3,12,8,0.99952779,0.00047221,0.996982962,0.994825631,0.983728001,2048
20260111_164008,0,5,2,3,13,8,0.999383893,0.000616107,1.000532249,0.991637361,0.975261643,2048
20260111_164008,0,5,2,3,14,8,0.99931088,0.00068912,0.984879072,0.994439491,0.986672638,2048
20260111_164008,0,5,2,3,15,8,0.99966877,0.00033123,1.004611076,0.991136527,0.983737714,2048
20260111_164008,0,5,2,3,16,8,0.999763564,0.000236436,1.003723828,0.995027159,0.986973923,2048
20260111_164008,0,5,2,3,17,8,0.999736609,0.000263391,0.997608538,0.994228803,0.983742188,2048
20260111_164008,0,5,2,3,18,8,0.999692225,0.000307775,0.99609423,0.992716723,0.97773256,2048
20260111_164008,0,5,2,3,19,8,0.999826017,0.000173983,0.996619691,0.997246328,0.992220977,2048
20260111_163959,0,6,0,1,0,16,0.999700502,0.000299498,1.003979852,0.993103997,0.978189194,2048
20260111_163959,0,6,0,1,1,16,0.999829399,0.000170601,1.006953023,0.993167374,0.981391017,2048
20260111_163959,0,6,0,1,2,16,0.999586053,0.000413947,0.995567331,0.993752553,0.980684414,2048
20260111_163959,0,6,0,1,3,16,0.999696747,0.000303253,0.998201922,0.994617672,0.985405818,2048
20260111_163959,0,6,0,1,4,16,0.999644,0.000356,1.010406721,0.993805904,0.983951898,2048
20260111_163959,0,6,0,1,5,16,0.999671518,0.000328482,0.99539399,0.993259717,0.980582176,2048
20260111_163959,0,6,0,1,6,16,0.999658738,0.000341262,1.010850342,0.993287388,0.980883456,2048
20260111_163959,0,6,0,1,7,16,0.999608081,0.000391919,1.003468029,0.996302279,0.988032858,2048
20260111_163959,0,6,0,1,8,16,0.999651369,0.000348631,0.988808023,0.995940616,0.984046615,2048
20260111_163959,0,6,0,1,9,16,0.999642886,0.000357114,0.998773489,0.994793808,0.985732821,2048
20260111_163959,0,6,0,1,10,16,0.999532687,0.000467313,0.999846854,0.99484864,0.983089658,2048
20260111_163959,0,6,0,1,11,16,0.999786973,0.000213027,1.005020702,0.989772425,0.977855632,2048
20260111_163959,0,6,0,1,12,16,0.999688858,0.000311142,0.992709076,0.995083848,0.983367719,2048
20260111_163959,0,6,0,1,13,16,0.999551388,0.000448612,1.004385891,0.990715865,0.976624508,2048
20260111_163959,0,6,0,1,14,16,0.999455034,0.000544966,0.984622434,0.993290784,0.978348071,2048
20260111_163959,0,6,0,1,15,16,0.999604016,0.000395984,0.99412023,0.991955613,0.977403941,2048
20260111_163959,0,6,0,1,16,16,0.999804398,0.000195602,1.004498537,0.995421559,0.985518711,2048
20260111_163959,0,6,0,1,17,16,0.999764442,0.000235558,0.991188511,0.99610502,0.990426395,2048
20260111_163959,0,6,0,1,18,16,0.999621884,0.000378116,0.996849654,0.99207467,0.975784915,2048
20260111_163959,0,6,0,1,19,16,0.999777576,0.000222424,0.990441194,0.995889641,0.983124028,2048
20260111_163959,0,6,2,3,0,16,0.999555369,0.000444631,0.988998417,0.996161479,0.99030457,2048
20260111_163959,0,6,2,3,1,16,0.999804639,0.000195361,0.997149232,0.996312806,0.987459942,2048
20260111_163959,0,6,2,3,2,16,0.999790991,0.000209009,0.993569231,0.997280151,0.990215468,2048
20260111_163959,0,6,2,3,3,16,0.999482486,0.000517514,0.99467607,0.992193825,0.981255522,2048
20260111_163959,0,6,2,3,4,16,0.999630761,0.000369239,0.997188709,0.993220878,0.981642623,2048
20260111_163959,0,6,2,3,5,16,0.999793413,0.000206587,0.99694114,0.998001824,0.994607648,2048
20260111_163959,0,6,2,3,6,16,0.999826054,0.000173946,0.995207406,0.993932477,0.986332941,2048
20260111_163959,0,6,2,3,7,16,0.999848642,0.000151358,0.997064455,0.99385464,0.979116059,2048
20260111_163959,0,6,2,3,8,16,0.999762088,0.000237912,0.982126901,0.995279319,0.981674247,2048
20260111_163959,0,6,2,3,9,16,0.99979608,0.00020392,0.997319824,0.991673196,0.976423466,2048
20260111_163959,0,6,2,3,10,16,0.999416832,0.000583168,1.004766853,0.997656476,0.990884622,2048
20260111_163959,0,6,2,3,11,16,0.999601677,0.000398323,0.98541936,0.995063085,0.977220754,2048
20260111_163959,0,6,2,3,12,16,0.999732368,0.000267632,1.007026859,0.9980464,0.992108299,2048
20260111_163959,0,6,2,3,13,16,0.999580575,0.000419425,1.007973403,0.994895132,0.98179786,2048
20260111_163959,0,6,2,3,14,16,0.99970164,0.00029836,0.988580813,0.998974023,0.996341393,2048
20260111_163959,0,6,2,3,15,16,0.999531039,0.000468961,1.00650156,0.993419106,0.981443994,2048
20260111_163959,0,6,2,3,16,16,0.999660002,0.000339998,1.001876227,0.994397562,0.982811717,2048
20260111_163959,0,6,2,3,17,16,0.999598695,0.000401305,1.003806012,0.99244846,0.980528359,2048
20260111_163959,0,6,2,3,18,16,0.999733862,0.000266138,1.001342072,0.993154931,0.981584779,2048
20260111_163959,0,6,2,3,19,16,0.999722511,0.000277489,1.006888444,0.993668654,0.977188668,2048
20260111_163950,0,7,0,1,0,32,0.999752203,0.000247797,0.995868745,0.993200554,0.984174919,2048
20260111_163950,0,7,0,1,1,32,0.999731065,0.000268935,0.995661656,0.989940281,0.972614129,2048
20260111_163950,0,7,0,1,2,32,0.999712339,0.000287661,0.998132887,0.994470541,0.983542344,2048
20260111_163950,0,7,0,1,3,32,0.999594722,0.000405278,1.001438035,0.991635898,0.979269296,2048
20260111_163950,0,7,0,1,4,32,0.999788217,0.000211783,1.00196645,0.99172298,0.98013865,2048
20260111_163950,0,7,0,1,5,32,0.99962384,0.00037616,1.000498034,0.996458166,0.989801407,2048
20260111_163950,0,7,0,1,6,32,0.999664325,0.000335675,1.004779705,0.992709368,0.982965386,2048
20260111_163950,0,7,0,1,7,32,0.999728846,0.000271154,0.996183775,0.993664369,0.981570646,2048
20260111_163950,0,7,0,1,8,32,0.99969309,0.00030691,0.986790179,0.991446506,0.974140436,2048
20260111_163950,0,7,0,1,9,32,0.999615845,0.000384155,1.002807117,0.996234793,0.982998667,2048
20260111_163950,0,7,0,1,10,32,0.999672161,0.000327839,0.997398633,0.994034648,0.982615883,2048
20260111_163950,0,7,0,1,11,32,0.999549826,0.000450174,1.001717525,0.994113066,0.982203143,2048
20260111_163950,0,7,0,1,12,32,0.999714794,0.000285206,0.99909468,0.995576517,0.984183784,2048
20260111_163950,0,7,0,1,13,32,0.99967559,0.00032441,1.015080997,0.996115165,0.990102237,2048
20260111_163950,0,7,0,1,14,32,0.99965792,0.00034208,0.991536077,0.992769808,0.982689906,2048
20260111_163950,0,7,0,1,15,32,0.999613689,0.000386311,1.009727008,0.994657263,0.982290522,2048
20260111_163950,0,7,0,1,16,32,0.999561225,0.000438775,1.002601952,0.996266989,0.985818737,2048
20260111_163950,0,7,0,1,17,32,0.999769758,0.000230242,0.999060485,0.993442753,0.98076738,2048
20260111_163950,0,7,0,1,18,32,0.999613122,0.000386878,0.996639139,0.993550761,0.981913923,2048
20260111_163950,0,7,0,1,19,32,0.999790798,0.000209202,0.998829088,0.99214273,0.980271658,2048
20260111_163950,0,7,2,3,0,32,0.999549718,0.000450282,0.995110322,0.995154783,0.987601124,2048
20260111_163950,0,7,2,3,1,32,0.999647653,0.000352347,1.000717533,0.99581529,0.98651664,2048
20260111_163950,0,7,2,3,2,32,0.999620669,0.000379331,1.002148229,0.995646248,0.985369113,2048
20260111_163950,0,7,2,3,3,32,0.999648299,0.000351701,0.995853594,0.99321208,0.98362684,2048
20260111_163950,0,7,2,3,4,32,0.999785935,0.000214065,1.002042419,0.994126385,0.983183026,2048
20260111_163950,0,7,2,3,5,32,0.999623335,0.000376665,1.01291052,0.9928555,0.978826149,2048
20260111_163950,0,7,2,3,6,32,0.999627826,0.000372174,0.998660128,0.99609895,0.986592585,2048
20260111_163950,0,7,2,3,7,32,0.999666809,0.000333191,0.998597355,0.994334686,0.978924315,2048
20260111_163950,0,7,2,3,8,32,0.999586855,0.000413145,0.995155765,0.994448447,0.984312963,2048
20260111_163950,0,7,2,3,9,32,0.999656431,0.000343569,0.99967436,0.993722056,0.984689821,2048
20260111_163950,0,7,2,3,10,32,0.999520865,0.000479135,1.003674062,0.993030793,0.978352771,2048
20260111_163950,0,7,2,3,11,32,0.999661235,0.000338765,1.01103094,0.995977798,0.989889578,2048
20260111_163950,0,7,2,3,12,32,0.999618973,0.000381027,1.003844198,0.993680745,0.977224932,2048
20260111_163950,0,7,2,3,13,32,0.999510507,0.000489493,1.00179671,0.992186774,0.975753358,2048
20260111_163950,0,7,2,3,14,32,0.999553092,0.000446908,0.99802366,0.995475709,0.986623216,2048
20260111_163950,0,7,2,3,15,32,0.999698282,0.000301718,0.996394122,0.993661669,0.981068213,2048
20260111_163950,0,7,2,3,16,32,0.999688016,0.000311984,1.003970529,0.996286089,0.988288804,2048
20260111_163950,0,7,2,3,17,32,0.999639778,0.000360222,0.995677014,0.994826261,0.983998001,2048
20260111_163950,0,7,2,3,18,32,0.999524699,0.000475301,1.001541224,0.994606193,0.984011557,2048
20260111_163950,0,7,2,3,19,32,0.999669216,0.000330784,1.003644553,0.993878613,0.981816856,2048
